{
  "linear_algebra": {
    "sizes": [
      100,
      500,
      1000,
      2000,
      5000
    ],
    "operations": {
      "matrix_multiply": {
        "count": 5,
        "execution_time": {
          "mean": 0.38607234954833985,
          "std": 0.6951772434831923,
          "min": 0.0003371238708496094,
          "max": 1.7729816436767578,
          "median": 0.018200159072875977
        },
        "memory_usage": {
          "mean": 33.85625,
          "std": 66.59608451628662,
          "min": 0.0,
          "max": 167.04296875
        },
        "throughput": {
          "mean": 34898361.52481404,
          "std": 14175060.455412649,
          "min": 14100540.797566142,
          "max": 54944574.71475169
        }
      },
      "matvec_multiply": {
        "count": 5,
        "execution_time": {
          "mean": 0.002767038345336914,
          "std": 0.00327580475288488,
          "min": 0.00015544891357421875,
          "max": 0.008691549301147461,
          "median": 0.0007100105285644531
        },
        "memory_usage": {
          "mean": 0.0,
          "std": 0.0,
          "min": 0.0,
          "max": 0.0
        },
        "throughput": {
          "mean": 1234215659.992828,
          "std": 929849088.2215528,
          "min": 64329815.95092025,
          "max": 2876357152.653957
        }
      },
      "linear_solve": {
        "count": 5,
        "execution_time": {
          "mean": 0.5309226512908936,
          "std": 0.9350425633913975,
          "min": 0.0004076957702636719,
          "max": 2.394683837890625,
          "median": 0.040792226791381836
        },
        "memory_usage": {
          "mean": 31.54296875,
          "std": 46.60863964230924,
          "min": 0.0,
          "max": 121.74609375
        },
        "throughput": {
          "mean": 22499719.72427776,
          "std": 7757008.925480973,
          "min": 10439791.510023067,
          "max": 34094488.70102423
        }
      },
      "eigenvalues": {
        "count": 3,
        "execution_time": {
          "mean": 2.6438241004943848,
          "std": 2.552935783631664,
          "min": 0.11976957321166992,
          "max": 6.141490697860718,
          "median": 1.6702120304107666
        },
        "memory_usage": {
          "mean": -28.881510416666668,
          "std": 35.56711596533184,
          "min": -79.171875,
          "max": -2.90625
        },
        "throughput": {
          "mean": 132000.72400402548,
          "std": 34716.96355653337,
          "min": 83493.65979894497,
          "max": 162826.91763228312
        }
      }
    }
  },
  "physics_kernels": {
    "sizes": [
      1000,
      5000,
      10000,
      25000,
      50000
    ],
    "operations": {
      "carrier_densities": {
        "count": 5,
        "execution_time": {
          "mean": 0.0005535602569580079,
          "std": 0.0004545356861829707,
          "min": 0.0002079010009765625,
          "max": 0.001413106918334961,
          "median": 0.00031757354736328125
        },
        "memory_usage": {
          "mean": 0.0,
          "std": 0.0,
          "min": 0.0,
          "max": 0.0
        },
        "throughput": {
          "mean": 27246980.32428255,
          "std": 12518277.667656511,
          "min": 4670717.14922049,
          "max": 40642480.62015504
        }
      },
      "current_densities": {
        "count": 5,
        "execution_time": {
          "mean": 0.00033512115478515623,
          "std": 0.00020200245953836535,
          "min": 0.0001697540283203125,
          "max": 0.0007061958312988281,
          "median": 0.00020956993103027344
        },
        "memory_usage": {
          "mean": 0.0,
          "std": 0.0,
          "min": 0.0,
          "max": 0.0
        },
        "throughput": {
          "mean": 42665736.86554216,
          "std": 24018821.566483762,
          "min": 5890876.404494382,
          "max": 70801890.6144497
        }
      },
      "recombination": {
        "count": 5,
        "execution_time": {
          "mean": 0.00040035247802734376,
          "std": 0.00029120345698752234,
          "min": 0.00012302398681640625,
          "max": 0.0009222030639648438,
          "median": 0.00024628639221191406
        },
        "memory_usage": {
          "mean": 0.0,
          "std": 0.0,
          "min": 0.0,
          "max": 0.0
        },
        "throughput": {
          "mean": 35378425.899883285,
          "std": 16900299.6503226,
          "min": 8128496.124031007,
          "max": 54217993.79524302
        }
      },
      "energy_transport": {
        "count": 5,
        "execution_time": {
          "mean": 0.00014810562133789064,
          "std": 4.259637337830545e-05,
          "min": 0.00010895729064941406,
          "max": 0.00022339820861816406,
          "median": 0.0001246929168701172
        },
        "memory_usage": {
          "mean": 0.0,
          "std": 0.0,
          "min": 0.0,
          "max": 0.0
        },
        "throughput": {
          "mean": 101200080.00632998,
          "std": 77119319.57018086,
          "min": 9177908.096280087,
          "max": 223815581.6435432
        }
      },
      "hydrodynamic": {
        "count": 5,
        "execution_time": {
          "mean": 0.00015616416931152344,
          "std": 4.199389823974625e-05,
          "min": 0.00010919570922851562,
          "max": 0.0002300739288330078,
          "median": 0.0001533031463623047
        },
        "memory_usage": {
          "mean": 0.0,
          "std": 0.0,
          "min": 0.0,
          "max": 0.0
        },
        "throughput": {
          "mean": 98362633.65219933,
          "std": 76920539.37684743,
          "min": 9157868.995633189,
          "max": 217321450.77720207
        }
      }
    }
  },
  "gpu_acceleration": {
    "sizes": [
      1000,
      5000,
      10000,
      25000,
      50000
    ],
    "operations": {
      "gpu_transport": {
        "count": 5,
        "execution_time": {
          "mean": 0.0008507728576660156,
          "std": 0.0006513722748024698,
          "min": 0.0002613067626953125,
          "max": 0.002101898193359375,
          "median": 0.0005846023559570312
        },
        "memory_usage": {
          "mean": 0.1140625,
          "std": 0.228125,
          "min": 0.0,
          "max": 0.5703125
        },
        "throughput": {
          "mean": 17081539.801439352,
          "std": 9374287.654939724,
          "min": 3826919.708029197,
          "max": 30279410.915391278
        }
      },
      "gpu_matrix_multiply": {
        "count": 3,
        "execution_time": {
          "mean": 0.0021653970082600913,
          "std": 0.0014271349839205295,
          "min": 0.00025343894958496094,
          "max": 0.003681182861328125,
          "median": 0.0025615692138671875
        },
        "memory_usage": {
          "mean": -2.484375,
          "std": 3.513436819020658,
          "min": -7.453125,
          "max": 0.0
        },
        "throughput": {
          "mean": 68322204.50757399,
          "std": 23736989.655600403,
          "min": 39457234.24270932,
          "max": 97596425.912137
        }
      }
    }
  },
  "memory_patterns": {
    "sizes": [
      1000,
      5000,
      10000,
      25000,
      50000
    ],
    "operations": {
      "sequential_access": {
        "count": 5,
        "execution_time": {
          "mean": 0.00018148422241210939,
          "std": 1.2153642849571535e-05,
          "min": 0.00016355514526367188,
          "max": 0.0001952648162841797,
          "median": 0.0001838207244873047
        },
        "memory_usage": {
          "mean": 0.0,
          "std": 0.0,
          "min": 0.0,
          "max": 0.0
        },
        "throughput": {
          "mean": 102764405.17253324,
          "std": 98604854.62311684,
          "min": 5184553.770086527,
          "max": 272004150.4539559
        }
      },
      "random_access": {
        "count": 5,
        "execution_time": {
          "mean": 0.00018086433410644532,